{"cameraMode":{"drawMode":0,"name":"Shaded","section":"Shading Mode"},"sceneLighting":false,"audioPlay":false,"sceneViewState":{"m_AlwaysRefresh":false,"showFog":true,"showSkybox":true,"showFlares":true,"showImageEffects":true,"showParticleSystems":true,"showVisualEffectGraphs":true,"m_FxEnabled":true},"in2DMode":false,"pivot":{"x":0.2026832103729248,"y":2.0138492584228517,"z":-0.2509104013442993},"rotation":{"x":0.089385487139225,"y":0.1798667162656784,"z":-0.016403986141085626,"w":0.9795249104499817},"size":14.940885543823243,"orthographic":true}